tfda_code,sample_name,alias,category,kcal_per_100g,modified_kcal_per_100g,protein_g,fat_g,carbohydrate_g,waste_percent,unit_weight
A0200101,小米,,穀物類,370.0,365.0,11.3,3.7,71.7,,0.0克
A05002,稉米平均值,"蓬萊米,圓米",穀物類,354.0,352.0,7.0,0.7,77.8,,222.8克
A05005,稉型糯米平均值,圓糯米,穀物類,358.0,357.0,8.3,0.8,77.4,,215.0克
A0500801,黑秈糯糙米,"黑糯米,紫糯米,紫米,貢米,長生米",穀物類,357.0,350.0,10.1,3.5,70.1,,195.0克
A05010,胚芽稉米平均值,,穀物類,362.0,358.0,8.2,1.6,76.8,,220.0克
A05013,糙稉米平均值,糙米,穀物類,364.0,355.0,7.4,2.3,76.6,,212.0克
A0510301,五穀米,,穀物類,358.0,348.0,8.7,2.9,72.9,,212.0克
A0800101,燕麥,,穀物類,406.0,388.0,10.9,10.2,67.4,,195.0克
A0810101,燕麥片,,穀物類,393.0,383.0,12.3,9.7,64.1,,84.0克
A0900101,蕎麥(甜蕎),三角米,穀物類,361.0,353.0,11.0,2.9,71.3,,194.0克
A1000101,薏仁,"薏仁,薏苡仁",穀物類,378.0,375.0,14.1,6.1,66.2,,192.0克
A1100101,紅藜麥,,穀物類,379.0,361.0,12.1,6.7,66.8,0.0,13.0克
B01002,山藥平均值,"山芋,山薯,田薯,薯蕷,長薯;淮山(加工後)",澱粉類,85.0,83.0,2.8,0.1,17.8,19.2,838.3克
B0500101,芋頭,"芋頭,芋艿,芋乃,芋仔,青芋,土芝",澱粉類,128.0,123.0,2.5,1.1,26.4,13.2,0.0克
B0600101,豆薯,"刈薯,涼薯,葛薯,沙葛,地瓜,三角薯",澱粉類,31.0,29.0,0.7,0.1,6.8,6.9,601.0克
B0700201,馬鈴薯,"洋芋,洋薯,洋山芋,荷蘭薯,日本番薯,塊茄",澱粉類,77.0,74.0,2.6,0.2,15.8,9.8,121.0克
C1005101,山粉圓,,堅果及種子類,400.0,280.0,16.3,12.8,58.0,,0.0克
C1610201,黑芝麻(熟),,堅果及種子類,599.0,571.0,17.3,54.4,20.6,,119.0克
D0200201,青木瓜,"青番木瓜,青番瓜",水果類,29.0,25.0,0.6,0.1,7.2,17.6,762.0克
E02001,胡蘿蔔平均值,"紅蘿蔔,紅菜頭,黃蘿蔔,丁香蘿蔔,人參,金筍",蔬菜類,39.0,34.0,1.1,0.1,8.9,15.4,105.0克
E04001,白蘿蔔平均值,"蘿蔔,菜頭,萊菔,蘆萉,仙人骨,大菜,大根",蔬菜類,18.0,16.0,0.5,0.1,3.9,9.0,917.5克
E0420101,蘿蔔乾,"菜脯乾,菜脯",蔬菜類,58.0,44.0,2.2,1.2,10.8,,0.0克
E0900101,球莖甘藍,"大頭菜,結頭菜,芥頭,菜菜鵠,菜叩,莖藍,蕪菁蕓苔",蔬菜類,20.0,18.0,1.6,0.2,3.6,27.4,1084.0克
E1100101,熟桂竹筍,"桂竹仔筍,石竹仔筍,簍竹,筀竹筍",蔬菜類,21.0,18.0,2.1,0.2,3.5,,224.0克
E1400101,麻竹筍,"蔴竹,甜竹,巨竹,坭竹,大綠竹,瓦坭竹,巨麻竹,美濃麻竹,吊絲麻竹",蔬菜類,22.0,19.0,1.4,0.1,4.4,51.1,669.0克
E1900102,粉薑,"薑仔,生薑,生姜,羌,蘘荷,茗荷,甘露子,紫薑",蔬菜類,28.0,23.0,1.0,0.3,6.1,9.0,0.0克
E2400301,黃洋蔥,"玉蔥,蔥頭,球蔥,胡蔥,日本蔥頭,大粒蔥頭,洋蔥頭,大蔥頭",蔬菜類,42.0,39.0,1.0,0.2,9.5,6.3,267.0克
E2500101,紅蔥頭,"油蔥頭,珠蔥頭,分蔥頭,大頭蔥頭,四季蔥頭",蔬菜類,75.0,70.0,3.4,0.3,16.4,14.4,7.0克
E2600201,韮菜,"韮,塊莖蒜,起陽草(韮/韭通用)",蔬菜類,23.0,18.0,1.9,0.4,3.9,3.2,0.0克
E2700101,九層塔,"千層塔,羅勒,家佩蘭,零陵菜,香菜(草),薰草,西王母菜,塞香菜,光明子,醒頭香",蔬菜類,27.0,21.0,2.9,0.3,4.4,23.7,0.0克
E30001,甘藍平均值,"高麗菜,包菜,洋白菜,玻璃菜,玉菜,捲心菜,球葉甘藍,結球甘藍,蕃芥藍",蔬菜類,23.0,21.0,1.3,0.1,4.8,9.0,1371.7克
E3200201,荷葉白菜,"白菜,青菜,散葉白菜,無心菜,菘,不結球白菜",蔬菜類,14.0,12.0,1.4,0.1,2.5,9.7,0.0克
E3200401,黑葉白菜(短梗),"白菜,青菜,散葉白菜,無心菜,菘,不結球白菜",蔬菜類,15.0,13.0,1.3,0.0,2.9,11.4,0.0克
E3200501,千寶菜,,蔬菜類,20.0,16.0,1.7,0.2,3.6,,0.0克
E33001,結球白菜平均值,"大白菜,黃芽菜,包心白菜,卷心白菜,山東白菜,結球白菜",蔬菜類,17.0,15.0,1.2,0.3,2.9,12.7,686.5克
E37002,芹菜平均值,"旱芹,藥芹,洋芹,白芹,塘蒿,和蘭鴨兒芹",蔬菜類,15.0,13.0,0.8,0.1,3.1,35.7,27.0克
E5800501,冷凍青花菜,"(青花菜非綠色花椰菜)青(綠)花菜,美國花菜,青花苔,花(青)菜苔,菜苔,花菜苞",蔬菜類,25.0,19.0,2.5,0.2,4.4,,0.0克
E62001,冬瓜平均值,"白瓜,東瓜,枕瓜,水芝,地芝",蔬菜類,11.0,9.0,0.4,0.1,2.4,26.6,698.0克
E63001,南瓜平均值,"金瓜,飯瓜,番(翻)瓜,倭(窩)瓜,紅(冬/西洋)南瓜,南瓜,北瓜,玉瓜,筍瓜",蔬菜類,74.0,69.0,1.9,0.2,17.3,26.9,723.0克
E6400101,胡瓜,"大黃瓜,刺瓜,黃瓜,生瓜,王瓜,花瓜,黑瓜,大瓜",蔬菜類,14.0,13.0,0.7,0.1,2.9,23.5,545.0克
E6400201,花胡瓜(有機),"小黃瓜,花瓜,小胡瓜,小刺瓜",蔬菜類,15.0,14.0,0.8,0.1,3.1,2.6,106.0克
E6600101,隼人瓜,"梨瓜,壽瓜,合掌瓜,安南瓜,香瓜仔,拳頭瓜,佛掌瓜、香圓瓜,香櫞瓜,佛手瓜,瓦瓜",蔬菜類,23.0,20.0,0.7,0.1,5.2,13.0,386.0克
E70001,蒲瓜平均值,"扁蒲,蒲仔,瓠子(瓜/餔),匏仔(瓜),葫蘆瓜,瓢簞,天瓜,龍蛋瓜,蒲(葫/壺)蘆",蔬菜類,18.0,15.0,0.5,0.1,4.0,15.5,692.0克
E7300101,長茄子,"茄,茄仔,紅皮菜,紅茄(菜),紅茄仔,落蘇,崑崙瓜,紫瓜,酪酥,小蓏,長茄",蔬菜類,25.0,20.0,1.2,0.2,5.3,10.9,204.0克
E74001,大番茄平均值(紅色系),"柑仔蜜,甘仔(阿)蜜,草柿,臭柿仔,西紅柿,小金瓜,番柿,六月柿,洋柿(茄)子,紅茄,毛臘果",蔬菜類,19.0,17.0,0.8,0.1,4.1,2.0,152.3克
E75001,甜椒平均值(青皮),"青椒,(甜)番椒,青辣椒,大同仔,番羌仔,燈籠椒,生番薑,獅子椒,甘椒,生椒",蔬菜類,29.0,24.0,1.0,0.4,5.9,14.7,58.0克
E7700701,綠豆芽,"豆芽菜,豆菜,綠豆菜",蔬菜類,24.0,21.0,2.3,0.2,4.1,,1.0克
F0210101,紫菜,海苔,藻類,268.0,212.0,28.1,0.9,47.9,0.0,0.0克
F07001,海帶平均值,"江白菜,昆布,海昆布",藻類,19.0,14.0,0.7,0.1,4.2,0.0,0.0克
F0700103,海帶梗,海帶根,藻類,14.0,9.0,0.4,0.0,3.2,0.0,0.0克
F0700104,海帶結,"江白菜結,昆布結,海昆布結",藻類,17.0,12.0,0.8,0.1,3.6,,0.0克
F0700105,海帶絲,"江白菜絲,昆布絲,海昆布絲",藻類,22.0,17.0,0.7,0.1,5.0,,0.0克
F0800101,裙帶菜,"海帶芽,嫩海帶",藻類,58.0,39.0,5.0,0.0,11.6,0.0,0.0克
G0100101,木耳,"黑木耳,桑耳,白背毛木耳,木樟(檽/菌/茸/蛾/樅),樹雞(毛木耳)",菇類,38.0,24.0,0.9,0.1,8.8,0.0,0.0克
G1200101,秀珍菇,"平菇,小平菇,側耳平菇,蠔菇,袖珍(鮑魚)菇(側耳)",菇類,28.0,25.0,3.3,0.1,4.6,0.0,0.0克
G13002,杏鮑菇平均值,"鳳尾菇,雪茸,帝王菇,平菇王,蠔菇王,干貝菇,刺芹側耳,義大利側耳,義大利蠔菌,杏鮑茸,西洋刺耳",菇類,41.0,35.0,2.7,0.2,8.3,0.0,71.0克
G1600101,金針菇,"金(冬/榎/朴)菇,金絲菇,金菇菜,秋葷,樸蕈構菌,毛柄金線菇,菌子(絨柄金錢菇)",菇類,37.0,33.0,2.6,0.3,7.2,0.0,0.0克
G1900101,鴻喜菇,"紅喜菇,真姬菇,斑玉蕈,玉蕈,膠玉蘑,蟹味菇,海鮮菇,假松茸,松茸菇,榆菇,靈芝菇,黑真珠",菇類,30.0,25.0,2.9,0.1,5.3,10.5,0.0克
G2000101,洋菇,"西洋蘑菇(蘑菇,雙孢蘑菇)",菇類,25.0,23.0,3.0,0.2,3.8,0.0,11.0克
H0405101,紅豆,"小豆,赤小豆,赤豆,通常小豆,小紅豆,紅小豆",豆類,328.0,290.0,20.9,0.6,61.5,,221.0克
H0705102,綠豆,"菉豆,綠小豆,輻莢豆",豆類,344.0,312.0,22.8,1.1,63.0,,219.0克
H0800101,豇豆(莢),"長豇豆,長莢豇豆,豆角,菜(筷/江/長/角)豆",豆類,35.0,30.0,2.4,0.1,6.2,4.6,22.0克
H1000301,冷凍菜豆(莢),"四季豆,雲藕豆,隱之(元)豆,白(花)雲豆,敏(雲/芸/粉/醜)豆",豆類,57.0,52.0,3.4,0.1,10.8,,0.0克
H1100101,毛豆仁,"大豆,青大豆,青皮豆",豆類,129.0,116.0,14.6,3.3,12.5,,6.0克
I04041,骨腿平均值,,肉類,163.0,163.0,18.0,9.5,0.2,33.3,185.0克
I04044,雞排平均值,,肉類,183.0,183.0,17.1,12.2,0.0,39.8,113.0克
I0406301,翅腿(肉雞),小雞腿,肉類,210.0,210.0,17.8,14.8,1.0,56.5,23.0克
J0200301,鯊魚切片,沙魚,魚貝類,106.0,106.0,24.8,0.0,0.0,,0.0克
J04010,虱目魚平均值(去皮),"麻虱目仔,麻虱(蝨)目,蝨(遮/塞)目魚,虱麻魚,海草魚,安平魚,國姓(聖)魚",魚貝類,179.0,179.0,21.8,9.5,0.2,55.5,201.0克
J0800101,小魚干,,魚貝類,335.0,335.0,69.2,4.4,0.0,,0.0克
J0800401,柴魚片,,魚貝類,383.0,383.0,76.5,6.2,2.6,,0.0克
K01001,雞蛋平均值,,蛋類,135.0,135.0,12.7,8.9,1.6,13.0,53.5克
K0111101,雞水煮蛋,,蛋類,144.0,144.0,14.0,9.2,1.7,9.8,55.0克
N0900101,冬瓜糖磚,,糖類,360.0,360.0,,,93.1,,0.0克
O9900301,椰奶,,飲料類,49.0,49.0,0.2,2.1,7.4,0.0,0.0克
Q0100101,冷藏寧波年糕,,糕餅點心類,220.0,218.0,3.9,0.6,49.7,,7.0克
R0600101,豬血糕,米血糕,加工調理食品及其他類,194.0,192.0,8.6,0.9,37.8,,0.0克
R1100301,細米粉,,加工調理食品及其他類,355.0,353.0,0.4,0.6,87.2,,0.0克
R1700101,麵筋(未調味),,加工調理食品及其他類,643.0,639.0,42.5,53.0,0.0,,0.0克
R1700201,麵腸(未調味),,加工調理食品及其他類,138.0,137.0,20.6,1.9,9.7,,0.0克
R2001101,衛生油麵,,加工調理食品及其他類,163.0,162.0,5.5,1.8,31.2,,0.0克
R2201401,豬肉鍋貼,,加工調理食品及其他類,238.0,235.0,7.8,11.3,26.2,,27.0克
R2900101,冷凍燒賣,,加工調理食品及其他類,188.0,183.0,9.9,9.7,15.3,,24.0克
R4100101,芋圓,,加工調理食品及其他類,214.0,212.0,0.9,0.2,52.1,0.0,0.0克
R4100201,粉圓,,加工調理食品及其他類,346.0,345.0,0.2,0.0,86.2,0.0,0.0克
R4100501,西谷米,,加工調理食品及其他類,360.0,360.0,0.1,0.1,89.7,,171.0克
R4400801,麻竹筍干,,加工調理食品及其他類,400.0,400.0,,,100.0,,0.0克
R4401301,榨菜,"榨菜藺蕓苔,四川榨菜,疙瘩菜,稜角菜,筆架菜,香爐菜,瘤菜",加工調理食品及其他類,27.0,21.0,1.3,0.4,4.6,,228.0克
R4401401,酸菜,"鹹菜,鹼菜,醃(大/鹹)酸菜,大鹹菜,鹹菜仁",加工調理食品及其他類,19.0,14.0,0.8,0.3,3.2,,286.0克
R4401601,醃漬花胡瓜,"小黃瓜,花瓜,小胡瓜,小瓜,小刺瓜,水胡瓜",加工調理食品及其他類,89.0,85.0,3.0,0.5,18.1,,0.0克
R4500601,洋菇罐頭,"西洋蘑菇(蘑菇,雙孢蘑菇)",加工調理食品及其他類,31.0,25.0,2.9,0.3,4.3,0.0,0.0克
R4600201,冬粉,粉絲,加工調理食品及其他類,351.0,349.0,0.1,0.1,87.5,,0.0克
R4600301,寬粉,寬條冬粉,加工調理食品及其他類,349.0,347.0,0.1,0.1,86.9,,0.0克
R4700201,豆干絲,,加工調理食品及其他類,170.0,165.0,18.3,8.6,4.8,,0.0克
R4700202,五香豆干,,加工調理食品及其他類,197.0,192.0,19.3,10.6,6.2,0.0,0.0克
R4700301,黑豆干,,加工調理食品及其他類,197.0,197.0,19.0,12.5,2.1,,111.0克
R4700401,豆腐皮,豆皮,加工調理食品及其他類,209.0,208.0,25.3,11.0,2.4,,64.0克
R4700801,百頁豆腐,千張豆腐,加工調理食品及其他類,196.0,195.0,13.4,13.1,6.3,0.0,0.0克
R4700901,傳統豆腐,板豆腐,加工調理食品及其他類,88.0,87.0,8.5,3.4,6.0,,0.0克
R4701101,小三角油豆腐,,加工調理食品及其他類,160.0,158.0,12.7,13.3,0.0,,38.0克
R4800101,素肉,,加工調理食品及其他類,210.0,199.0,23.9,10.1,6.0,0.0,0.0克
R4800201,冷凍素雞塊,,加工調理食品及其他類,206.0,203.0,14.2,8.1,19.0,,24.0克
R5300501,熱狗,,加工調理食品及其他類,257.0,257.0,13.3,18.1,10.2,,27.0克
R5400201,冷凍貢丸,,加工調理食品及其他類,244.0,244.0,16.6,20.3,0.0,,22.0克
R5900101,肉羹,,加工調理食品及其他類,247.0,245.0,9.7,14.7,18.9,,9.0克
R6400301,冷凍蝦捲,,加工調理食品及其他類,156.0,153.0,10.3,5.7,16.0,,30.0克
R6700401,天婦羅,甜不辣,加工調理食品及其他類,176.0,175.0,12.4,4.7,21.0,,0.0克
